{
  "id": "e2b1a026-0f0d-485c-9145-49e3c87f99ab",
  "name": "buildings",
  "isOverridable": true,
  "entries": [
    {
      "value": "buildings",
      "synonyms": [
        "buildings"
      ]
    },
    {
      "value": "architectures",
      "synonyms": [
        "architectures"
      ]
    },
    {
      "value": "umkc",
      "synonyms": [
        "umkc"
      ]
    },
    {
      "value": "umkc stairs",
      "synonyms": [
        "umkc stairs"
      ]
    }
  ],
  "isEnum": false,
  "automatedExpansion": false
}