{
  "id": "2d0861a7-f560-4421-8679-faebe9f18afa",
  "name": "crossing",
  "isOverridable": true,
  "entries": [
    {
      "value": "animals",
      "synonyms": [
        "animals"
      ]
    },
    {
      "value": "people",
      "synonyms": [
        "people"
      ]
    },
    {
      "value": "road",
      "synonyms": [
        "road"
      ]
    },
    {
      "value": "crossing",
      "synonyms": [
        "crossing"
      ]
    }
  ],
  "isEnum": false,
  "automatedExpansion": false
}