{
  "id": "41346142-40c4-49fa-9f46-029ff9ef21c1",
  "name": "image",
  "isOverridable": true,
  "entries": [
    {
      "value": "one",
      "synonyms": [
        "one",
        "1st",
        "first",
        "1"
      ]
    },
    {
      "value": "two",
      "synonyms": [
        "two",
        "2nd",
        "second",
        "2"
      ]
    },
    {
      "value": "three",
      "synonyms": [
        "three",
        "3rd",
        "third",
        "3"
      ]
    }
  ],
  "isEnum": false,
  "automatedExpansion": false
}