{
  "id": "6045bc4c-6631-46a4-8c67-b0c13f02b8ba",
  "name": "pathway",
  "isOverridable": true,
  "entries": [
    {
      "value": "sidewalk",
      "synonyms": [
        "sidewalk"
      ]
    },
    {
      "value": "pathway",
      "synonyms": [
        "pathway"
      ]
    },
    {
      "value": "bueatiful pathway",
      "synonyms": [
        "bueatiful pathway"
      ]
    },
    {
      "value": "roads",
      "synonyms": [
        "roads"
      ]
    }
  ],
  "isEnum": false,
  "automatedExpansion": false
}